{
  "TP": 14,
  "FP": 2,
  "TN": 133,
  "FN": 1,
  "accuracy": 0.98,
  "precision": 0.875,
  "recall": 0.9333333333333333,
  "f1": 0.9032258064516129,
  "roc_auc": 0.9960493827160494,
  "pr_auc": 0.962317257905493,
  "n_total": 150,
  "n_pos": 15,
  "n_neg": 135
}