{
  "TP": 15,
  "FP": 4,
  "TN": 131,
  "FN": 0,
  "accuracy": 0.9733333333333334,
  "precision": 0.7894736842105263,
  "recall": 1.0,
  "f1": 0.8823529411764706,
  "roc_auc": 0.9881481481481482,
  "pr_auc": 0.8699045946027371,
  "n_total": 150,
  "n_pos": 15,
  "n_neg": 135
}